	A	C	D	E	F	G	H	I	K	L	M	N	P	Q	R	S	T	V	W	Y
A		0.9841873	0.53842187	1.0906736	0.20549797	1.2214	0.33087343	0.004261653	0.53299826	0.33119988	0.6677838	0.30624852	1.0489902	0.89208853	0.46768394	3.4661555	1.9157059	1.9386747	0.16562976	0.14682598
C	0.9841873		0.042836733	0.019991864	0.59029514	0.28394642	0.4631524	0.18417947	0.055054944	0.3414883	0.43645468	0.2778553	0.055074953	0.14264193	0.4341637	1.6207502	0.5732002	0.88601524	0.36154407	0.7645942
D	0.53842187	0.042836733		5.318894	0.03121192	0.7402451	0.72961503	0.020350747	0.45620766	0.037045255	0.05540834	3.7816856	0.40103254	0.6862791	0.21184856	0.9852872	0.48260036	0.077726774	0.038755618	0.14600112
E	1.0906736	0.019991864	5.318894		0.034172032	0.4315194	0.46226314	0.05296874	1.8844755	0.10437309	0.20527677	0.747143	0.486834	4.1895394	0.4529397	0.72756153	0.72479254	0.30599988	0.06614863	0.12950708
F	0.20549797	0.59029514	0.03121192	0.034172032		0.07545631	0.48632878	0.8051034	0.04925549	1.6450548	0.9823671	0.10334349	0.09022721	0.06583537	0.059805583	0.28255266	0.15885513	0.46729225	1.2105962	4.8913817
G	1.2214	0.28394642	0.7402451	0.4315194	0.07545631		0.28008285	0.024380699	0.30735126	0.06491032	0.111413	0.9004151	0.22271416	0.32842195	0.34617677	1.1687407	0.22464764	0.10600777	0.13447738	0.05868431
H	0.33087343	0.4631524	0.72961503	0.46226314	0.48632878	0.28008285		0.07881177	0.72208637	0.2784002	0.23456094	2.8141599	0.41839996	3.665711	1.8879517	0.7494124	0.45161352	0.16387118	0.33402655	3.1791584
I	0.004261653	0.18417947	0.020350747	0.05296874	0.8051034	0.024380699	0.07881177		0.19943723	2.9407582	3.2284389	0.17686978	0.06427178	0.09089972	0.083744146	0.10412369	0.77680814	11.8559675	0.11697786	0.20788316
K	0.53299826	0.055054944	0.45620766	1.8844755	0.04925549	0.30735126	0.72208637	0.19943723		0.15557772	0.6215397	2.1699715	0.40366068	3.5886996	5.5230093	0.8669081	1.1460937	0.21857211	0.07667529	0.18145598
L	0.33119988	0.3414883	0.037045255	0.10437309	1.6450548	0.06491032	0.2784002	2.9407582	0.15557772		4.2567368	0.08381927	0.22548889	0.51520044	0.26411694	0.19480109	0.27149037	1.2922231	0.41737103	0.26110023
M	0.6677838	0.43645468	0.05540834	0.20527677	0.9823671	0.111413	0.23456094	3.2284389	0.6215397	4.2567368		0.26446107	0.10459952	0.9660606	0.33949408	0.29776952	1.3576376	1.3060005	0.39092705	0.35814038
N	0.30624852	0.2778553	3.7816856	0.747143	0.10334349	0.9004151	2.8141599	0.17686978	2.1699715	0.08381927	0.26446107		0.20228732	1.486571	0.52593374	3.0937948	1.4968201	0.107267514	0.05100102	0.47390428
P	1.0489902	0.055074953	0.40103254	0.486834	0.09022721	0.22271416	0.41839996	0.06427178	0.40366068	0.22548889	0.10459952	0.20228732		0.70733494	0.34277326	1.2229885	0.55122805	0.24520619	0.10173031	0.08777618
Q	0.89208853	0.14264193	0.6862791	4.1895394	0.06583537	0.32842195	3.665711	0.09089972	3.5886996	0.51520044	0.9660606	1.486571	0.70733494		2.5879061	1.0917407	0.9625401	0.25381455	0.19356175	0.2981591
R	0.46768394	0.4341637	0.21184856	0.4529397	0.059805583	0.34617677	1.8879517	0.083744146	5.5230093	0.26411694	0.33949408	0.52593374	0.34277326	2.5879061		0.6752876	0.55524576	0.17722368	0.39696947	0.23639369
S	3.4661555	1.6207502	0.9852872	0.72756153	0.28255266	1.1687407	0.7494124	0.10412369	0.8669081	0.19480109	0.29776952	3.0937948	1.2229885	1.0917407	0.6752876		5.207262	0.14058505	0.18838876	0.33245936
T	1.9157059	0.5732002	0.48260036	0.72479254	0.15885513	0.22464764	0.45161352	0.77680814	1.1460937	0.27149037	1.3576376	1.4968201	0.55122805	0.9625401	0.55524576	5.207262		1.5256895	0.11969791	0.2119204
V	1.9386747	0.88601524	0.077726774	0.30599988	0.46729225	0.10600777	0.16387118	11.8559675	0.21857211	1.2922231	1.3060005	0.107267514	0.24520619	0.25381455	0.17722368	0.14058505	1.5256895		0.16547641	0.2025322
W	0.16562976	0.36154407	0.038755618	0.06614863	1.2105962	0.13447738	0.33402655	0.11697786	0.07667529	0.41737103	0.39092705	0.05100102	0.10173031	0.19356175	0.39696947	0.18838876	0.11969791	0.16547641		1.5557693
Y	0.14682598	0.7645942	0.14600112	0.12950708	4.8913817	0.05868431	3.1791584	0.20788316	0.18145598	0.26110023	0.35814038	0.47390428	0.08777618	0.2981591	0.23639369	0.33245936	0.2119204	0.2025322	1.5557693	
